"Year","ranch","block","treatment","variety","pctNOW","Trt_cat","Variety","Tier","WestToEast"
2006,3440,24.1,"C","Fritz",1.39308687902038,"insecticide","FR",7,2
2006,3440,24.1,"C","Monterrey",1.25721439749609,"insecticide","MO",7,2
2006,3440,24.1,"C","NP",1.16585589486285,"insecticide","NP",7,2
2006,3440,24.2,"C","Fritz",3.36672858223709,"insecticide","FR",7,1
2006,3440,24.2,"C","Monterrey",4.30037606285401,"insecticide","MO",7,1
2006,3440,24.2,"C","NP",2.60644201709657,"insecticide","NP",7,1
2006,3440,24.3,"C","Fritz",2.09613024892225,"insecticide","FR",8,1
2006,3440,24.3,"C","Monterrey",2.03981392447829,"insecticide","MO",8,1
2006,3440,24.3,"C","NP",0.865211521152115,"insecticide","NP",8,1
2006,3440,24.4,"C","Fritz",0.325097529258778,"insecticide","FR",8,2
2006,3440,24.4,"C","Monterrey",1.53156556117952,"insecticide","MO",8,2
2006,3440,24.4,"C","NP",0.862068965517241,"insecticide","NP",8,2
2006,3450,1.2,"MD","Fritz",2.47267890523894,"mating_disruption","FR",1,3
2006,3450,1.2,"MD","Monterrey",1.05135902636917,"mating_disruption","MO",1,3
2006,3450,1.2,"MD","NP",0.559577677224736,"mating_disruption","NP",1,3
2006,3450,1.3,"CMD","Monterrey",0.568990042674253,"both","MO",2,3
2006,3450,1.3,"CMD","NP",0.196078431372549,"both","NP",2,3
2006,3450,1.3,"CMD","WC",0,"both","WD",2,3
2006,3450,2.1,"MD","Fritz",0.794912559618442,"mating_disruption","FR",1,2
2006,3450,2.1,"MD","Monterrey",1.27737226277372,"mating_disruption","MO",1,2
2006,3450,2.1,"MD","NP",0.668896321070234,"mating_disruption","NP",1,2
2006,3450,2.2,"MD","Fritz",3.29922261413732,"mating_disruption","FR",1,1
2006,3450,2.2,"MD","Monterrey",3.84494296379935,"mating_disruption","MO",1,1
2006,3450,2.2,"MD","NP",0.0988142292490119,"mating_disruption","NP",1,1
2006,3450,2.3,"CMD","Monterrey",1.18577075098814,"both","MO",2,1
2006,3450,2.3,"CMD","NP",0.553505535055351,"both","NP",2,1
2006,3450,2.3,"CMD","WC",1.01744186046512,"both","WD",2,1
2006,3450,2.4,"CMD","Monterrey",0.625,"both","MO",2,2
2006,3450,2.4,"CMD","NP",0,"both","NP",2,2
2006,3450,2.4,"CMD","WC",0.285306704707561,"both","WD",2,2
2006,3450,11.1,"MD","Monterrey",3.17220543806647,"mating_disruption","MO",3,2
2006,3450,11.1,"MD","NP",0.327868852459016,"mating_disruption","NP",3,2
2006,3450,11.1,"MD","Price",3.27022375215146,"mating_disruption","PR",3,2
2006,3450,11.2,"MD","Monterrey",5.44629349470499,"mating_disruption","MO",3,1
2006,3450,11.2,"MD","NP",0.181488203266788,"mating_disruption","NP",3,1
2006,3450,11.2,"MD","Price",2.4,"mating_disruption","PR",3,1
2006,3450,11.3,"CMD","Carmel",1.2350721045516,"both","CA",4,0
2006,3450,11.3,"CMD","Monterrey",0.833444471964486,"both","MO",4,0
2006,3450,11.3,"CMD","NP",0.224224224224224,"both","NP",4,0
2006,3450,12.1,"MD","Monterrey",1.11976578073992,"mating_disruption","MO",3,4
2006,3450,12.1,"MD","NP",0.174168867946979,"mating_disruption","NP",3,4
2006,3450,12.1,"MD","Price",1.34082014633316,"mating_disruption","PR",3,4
2006,3450,12.2,"MD","Monterrey",0.149700598802395,"mating_disruption","MO",3,3
2006,3450,12.2,"MD","NP",0.451127819548872,"mating_disruption","NP",3,3
2006,3450,12.2,"MD","Price",1.77304964539007,"mating_disruption","PR",3,3
2006,3450,12.3,"CMD","Carmel",0.324149108589951,"both","CA",4,2
2006,3450,12.3,"CMD","Monterrey",0.407608695652174,"both","MO",4,2
2006,3450,12.3,"CMD","NP",0.151057401812689,"both","NP",4,2
2006,3450,12.4,"CMD","Carmel",0.474525360724027,"both","CA",4,3
2006,3450,12.4,"CMD","Monterrey",0.235633361651781,"both","MO",4,3
2006,3450,12.4,"CMD","NP",0.13962431524337,"both","NP",4,3
2006,3460,24.4,"C","Fritz",0.583090379008746,"insecticide","FR",NA,NA
2006,3460,24.4,"C","Monterrey",1.88679245283019,"insecticide","MO",NA,NA
2006,3460,24.4,"C","NP",0.603318250377074,"insecticide","NP",NA,NA
2006,3460,25.4,"C","Fritz",2.85382212421904,"insecticide","FR",10,1
2006,3460,25.4,"C","Monterrey",1.71890737875962,"insecticide","MO",10,1
2006,3460,25.4,"C","NP",1.4063898643531,"insecticide","NP",10,1
2006,3460,30.1,"C","Monterrey",1.7503805175038,"insecticide","MO",9,3
2006,3460,30.1,"C","NP",0.403295840045636,"insecticide","NP",9,3
2006,3460,30.1,"C","WC",0.162337662337662,"insecticide","WD",9,3
2006,3460,30.3,"C","Fritz",1.00806451612903,"insecticide","FR",10,2
2006,3460,30.3,"C","Monterrey",0.194931773879142,"insecticide","MO",10,2
2006,3460,30.3,"C","NP",1.40405616224649,"insecticide","NP",10,2
2006,3460,30.4,"C","Fritz",0.77410638387273,"insecticide","FR",10,3
2006,3460,30.4,"C","Monterrey",3.5263845149397,"insecticide","MO",10,3
2006,3460,30.4,"C","NP",0.52866286839699,"insecticide","NP",10,3
2007,3440,24.1,"C","Fritz",0.75958302982373,"insecticide","FR",7,2
2007,3440,24.1,"C","Monterey",0.313739852285906,"insecticide","MO",7,2
2007,3440,24.1,"C","NP",0.263615888615889,"insecticide","NP",7,2
2007,3440,24.2,"C","Fritz",0.570720773183535,"insecticide","FR",7,1
2007,3440,24.2,"C","Monterey",0.575262607930485,"insecticide","MO",7,1
2007,3440,24.2,"C","NP",0.321155923872392,"insecticide","NP",7,1
2007,3440,24.3,"C","Fritz",1.0771139613931,"insecticide","FR",8,1
2007,3440,24.3,"C","Monterey",0.806990838982377,"insecticide","MO",8,1
2007,3440,24.3,"C","NP",0.401835140064835,"insecticide","NP",8,1
2007,3440,24.4,"C","Fritz",0.830717300031763,"insecticide","FR",8,2
2007,3440,24.4,"C","Monterey",0.214149677531057,"insecticide","MO",8,2
2007,3440,24.4,"C","NP",0.989160333561651,"insecticide","NP",8,2
2007,3450,1.2,"MD","Fritz",0.726392251815981,"mating_disruption","FR",1,3
2007,3450,1.2,"MD","Monterey",1.61073825503356,"mating_disruption","MO",1,3
2007,3450,1.2,"MD","NP",0,"mating_disruption","NP",1,3
2007,3450,1.3,"CMD","Monterey",0.126582278481013,"both","MO",2,3
2007,3450,1.3,"CMD","NP",0,"both","NP",2,3
2007,3450,1.3,"CMD","Wood Col",0,"both","WD",2,3
2007,3450,2.1,"MD","Fritz",0.659340659340659,"mating_disruption","FR",1,2
2007,3450,2.1,"MD","Monterey",0.867678958785249,"mating_disruption","MO",1,2
2007,3450,2.1,"MD","NP",0.267379679144385,"mating_disruption","NP",1,2
2007,3450,2.2,"MD","Fritz",0.944287063267233,"mating_disruption","FR",1,1
2007,3450,2.2,"MD","Monterey",1.17340286831812,"mating_disruption","MO",1,1
2007,3450,2.2,"MD","NP",0.493218249075216,"mating_disruption","NP",1,1
2007,3450,2.3,"CMD","Monterey",0.369458128078818,"both","MO",2,1
2007,3450,2.3,"CMD","NP",0.317460317460317,"both","NP",2,1
2007,3450,2.3,"CMD","Wood Col",0,"both","WD",2,1
2007,3450,2.4,"CMD","Monterey",0.10183299389002,"both","MO",2,2
2007,3450,2.4,"CMD","NP",0,"both","NP",2,2
2007,3450,2.4,"CMD","Wood Col",0,"both","WD",2,2
2007,3450,11.1,"MD","Monterey",0.448933782267116,"mating_disruption","MO",3,2
2007,3450,11.1,"MD","NP",0.119047619047619,"mating_disruption","NP",3,2
2007,3450,11.1,"MD","Price",0,"mating_disruption","PR",3,2
2007,3450,11.4,"C","Carmel",0,"insecticide","CA",4,1
2007,3450,11.4,"C","Monterey",0.34324942791762,"insecticide","MO",4,1
2007,3450,11.4,"C","NP",1.69252468265162,"insecticide","NP",4,1
2007,3450,12.1,"MD","Monterey",1.58102766798419,"mating_disruption","MO",3,4
2007,3450,12.1,"MD","NP",0.134228187919463,"mating_disruption","NP",3,4
2007,3450,12.1,"MD","Price",0.144927536231884,"mating_disruption","PR",3,4
2007,3450,12.2,"MD","Monterey",0.543478260869565,"mating_disruption","MO",3,3
2007,3450,12.2,"MD","NP",0.117370892018779,"mating_disruption","NP",3,3
2007,3450,12.2,"MD","Price",0.578034682080925,"mating_disruption","PR",3,3
2007,3450,12.3,"C","Carmel",0.353356890459364,"insecticide","CA",4,2
2007,3450,12.3,"C","Monterey",0.58055152394775,"insecticide","MO",4,2
2007,3450,12.3,"C","NP",0.3584229390681,"insecticide","NP",4,2
2007,3450,12.4,"C","Carmel",0.193050193050193,"insecticide","CA",4,3
2007,3450,12.4,"C","Monterey",0.543478260869565,"insecticide","MO",4,3
2007,3450,12.4,"C","NP",0.27972027972028,"insecticide","NP",4,3
2007,3460,25.3,"C","Fritz",6.57894736842105,"insecticide","FR",10,0
2007,3460,25.3,"C","Monterey",1.62162162162162,"insecticide","MO",10,0
2007,3460,25.3,"C","NP",0.636942675159236,"insecticide","NP",10,0
2007,3460,25.4,"C","Fritz",1.45956131027152,"insecticide","FR",10,1
2007,3460,25.4,"C","Monterey",1.36067636067636,"insecticide","MO",10,1
2007,3460,25.4,"C","NP",0.0749625187406297,"insecticide","NP",10,1
2007,3460,30.1,"C","Monterey",0.412614047168187,"insecticide","MO",9,3
2007,3460,30.1,"C","NP",0.219491707856537,"insecticide","NP",9,3
2007,3460,30.1,"C","Wood Col",0.247866560877965,"insecticide","WD",9,3
2007,3460,30.3,"C","Fritz",0.0850340136054422,"insecticide","FR",10,2
2007,3460,30.3,"C","Monterey",0.655188662420143,"insecticide","MO",10,2
2007,3460,30.3,"C","NP",0.324149108589951,"insecticide","NP",10,2
2007,3460,30.4,"C","Fritz",0.605449041372351,"insecticide","FR",10,3
2007,3460,30.4,"C","Monterey",0.112359550561798,"insecticide","MO",10,3
2007,3460,30.4,"C","NP",0.210084033613445,"insecticide","NP",10,3
2008,34400,13.1,"1MD","Fritz",0.970667837027284,"mating_disruption","FR",NA,NA
2008,34400,13.1,"1MD","NP",1.58083382778538,"mating_disruption","NP",NA,NA
2008,34400,13.2,"1MD","Fritz",1.49490700647449,"mating_disruption","FR",NA,NA
2008,34400,13.2,"1MD","NP",0.704870101103575,"mating_disruption","NP",NA,NA
2008,34400,13.3,"1CMD","Carmel",1.54187110384223,"both","CA",NA,NA
2008,34400,13.3,"1CMD","Fritz",1.63425337521882,"both","FR",NA,NA
2008,34400,13.3,"1CMD","NP",0.84468399750934,"both","NP",NA,NA
2008,34400,13.4,"1CMD","Carmel",0.405405405405405,"both","CA",NA,NA
2008,34400,13.4,"1CMD","Fritz",0.531421598535692,"both","FR",NA,NA
2008,34400,13.4,"1CMD","NP",0.463337831758884,"both","NP",NA,NA
2008,34400,14.1,"1MD","Fritz",25.6845808336213,"mating_disruption","FR",NA,NA
2008,34400,14.1,"1MD","NP",4.77124349472362,"mating_disruption","NP",NA,NA
2008,34400,14.4,"1CMD","Carmel",6.0268507193197,"both","CA",NA,NA
2008,34400,14.4,"1CMD","Fritz",5.0375234521576,"both","FR",NA,NA
2008,34400,14.4,"1CMD","NP",2.26258025981783,"both","NP",NA,NA
2008,34400,24.1,"2MD","Fritz",0.83613700977045,"mating_disruption","FR",NA,NA
2008,34400,24.1,"2MD","Monterrey",0.165016501650165,"mating_disruption","MO",NA,NA
2008,34400,24.1,"2MD","NP",1.8236250282916,"mating_disruption","NP",NA,NA
2008,34400,24.2,"2MD","Fritz",6.18287690162027,"mating_disruption","FR",NA,NA
2008,34400,24.2,"2MD","Monterrey",1.04200450346099,"mating_disruption","MO",NA,NA
2008,34400,24.2,"2MD","NP",2.14276768070361,"mating_disruption","NP",NA,NA
2008,34400,24.3,"2CMD","Fritz",0.581225506677617,"both","FR",NA,NA
2008,34400,24.3,"2CMD","Monterrey",0.878401074907625,"both","MO",NA,NA
2008,34400,24.3,"2CMD","NP",2.5537088506452,"both","NP",NA,NA
2008,34400,24.4,"2CMD","Fritz",0.684677779906751,"both","FR",NA,NA
2008,34400,24.4,"2CMD","Monterrey",0,"both","MO",NA,NA
2008,34400,24.4,"2CMD","NP",0.460277173475143,"both","NP",NA,NA
2008,34500,1.2,"2MD","Fritz",1.28934487341567,"mating_disruption","FR",NA,NA
2008,34500,1.2,"2MD","Monterrey",0.141242937853107,"mating_disruption","MO",NA,NA
2008,34500,1.2,"2MD","NP",0.661892361111111,"mating_disruption","NP",NA,NA
2008,34500,1.3,"2CMD","Monterrey",0,"both","MO",NA,NA
2008,34500,1.3,"2CMD","NP",0,"both","NP",NA,NA
2008,34500,1.3,"2CMD","WC",0,"both","WD",NA,NA
2008,34500,2.1,"2MD","Fritz",3.09702828499821,"mating_disruption","FR",NA,NA
2008,34500,2.1,"2MD","Monterrey",0.89452942094584,"mating_disruption","MO",NA,NA
2008,34500,2.1,"2MD","NP",1.02258852258852,"mating_disruption","NP",NA,NA
2008,34500,2.2,"2MD","Fritz",3.60544929790193,"mating_disruption","FR",NA,NA
2008,34500,2.2,"2MD","Monterrey",0,"mating_disruption","MO",NA,NA
2008,34500,2.2,"2MD","NP",0.647250885649725,"mating_disruption","NP",NA,NA
2008,34500,2.3,"2CMD","Monterrey",0.409836065573771,"both","MO",NA,NA
2008,34500,2.3,"2CMD","NP",0.47839983503454,"both","NP",NA,NA
2008,34500,2.3,"2CMD","WC",0.233644859813084,"both","WD",NA,NA
2008,34500,2.4,"2CMD","Monterrey",0.193050193050193,"both","MO",NA,NA
2008,34500,2.4,"2CMD","NP",0,"both","NP",NA,NA
2008,34500,2.4,"2CMD","WC",0.220264317180617,"both","WD",NA,NA
2008,34500,11.1,"1MD","Monterrey",1.59643813292981,"mating_disruption","MO",NA,NA
2008,34500,11.1,"1MD","NP",1.22513098712877,"mating_disruption","NP",NA,NA
2008,34500,11.1,"1MD","Price",1.12960394513793,"mating_disruption","PR",NA,NA
2008,34500,11.2,"1MD","Monterrey",0.757575757575758,"mating_disruption","MO",NA,NA
2008,34500,11.2,"1MD","NP",1.07368296855643,"mating_disruption","NP",NA,NA
2008,34500,11.2,"1MD","Price",2.75839222614841,"mating_disruption","PR",NA,NA
2008,34500,11.3,"1CMD","Carmel",0,"both","CA",NA,NA
2008,34500,11.3,"1CMD","Monterrey",1.1309698571149,"both","MO",NA,NA
2008,34500,11.3,"1CMD","NP",0.604735708492985,"both","NP",NA,NA
2008,34500,12.1,"1MD","Monterrey",0,"mating_disruption","MO",NA,NA
2008,34500,12.1,"1MD","NP",1.03085202104097,"mating_disruption","NP",NA,NA
2008,34500,12.1,"1MD","Price",0,"mating_disruption","PR",NA,NA
2008,34500,12.2,"1MD","Monterrey",0,"mating_disruption","MO",NA,NA
2008,34500,12.2,"1MD","NP",0.239041783120923,"mating_disruption","NP",NA,NA
2008,34500,12.2,"1MD","Price",0.363636363636364,"mating_disruption","PR",NA,NA
2008,34500,12.3,"1CMD","Carmel",0,"both","CA",NA,NA
2008,34500,12.3,"1CMD","Monterrey",0,"both","MO",NA,NA
2008,34500,12.3,"1CMD","NP",0.595951338718244,"both","NP",NA,NA
2008,34500,12.4,"1CMD","Carmel",0.462636749346555,"both","CA",NA,NA
2008,34500,12.4,"1CMD","Monterrey",0.101214574898785,"both","MO",NA,NA
2008,34500,12.4,"1CMD","NP",0.517278311014412,"both","NP",NA,NA
2008,34600,25.1,"Conv","Fritz",4.44291230005516,"insecticide","FR",NA,NA
2008,34600,25.4,"Conv","Fritz",3.00442838236791,"insecticide","FR",NA,NA
2008,34600,25.4,"Conv","Monterrey",0.505166475315729,"insecticide","MO",NA,NA
2008,34600,25.4,"Conv","NP",0.635495448655555,"insecticide","NP",NA,NA
2008,34600,30.1,"Conv","Monterrey",1.555713496012,"insecticide","MO",NA,NA
2008,34600,30.1,"Conv","NP",2.05262813593694,"insecticide","NP",NA,NA
2008,34600,30.1,"Conv","WC",0.930321268119013,"insecticide","WD",NA,NA
2008,34600,30.2,"Conv","Fritz",3.06928034371643,"insecticide","FR",NA,NA
2008,34600,30.2,"Conv","Ruby",0,"insecticide","RY",NA,NA
2008,34600,30.3,"Conv","Fritz",3.27677224736048,"insecticide","FR",NA,NA
2008,34600,30.3,"Conv","Monterrey",0.529100529100529,"insecticide","MO",NA,NA
2008,34600,30.3,"Conv","NP",2.95096025334624,"insecticide","NP",NA,NA
2008,34600,30.4,"Conv","Fritz",0.537634408602151,"insecticide","FR",NA,NA
2008,34600,30.4,"Conv","Monterrey",0,"insecticide","MO",NA,NA
2008,34600,30.4,"Conv","NP",3.45268542199489,"insecticide","NP",NA,NA
2009,3440,13.1,"2CMD","Bu",0.173310225303293,"both","BU",5,3
2009,3440,13.1,"2CMD","Fr",0.158730158730159,"both","FR",5,3
2009,3440,13.1,"2CMD","NP",0.149700598802395,"both","NP",5,3
2009,3440,13.2,"2CMD","Bu",0,"both","BU",5,2
2009,3440,13.2,"2CMD","Fr",0,"both","FR",5,2
2009,3440,13.2,"2CMD","NP",0.302114803625378,"both","NP",5,2
2009,3440,13.3,"2MD","Ca",0.31055900621118,"mating_disruption","CA",6,2
2009,3440,13.3,"2MD","Fr",0,"mating_disruption","FR",6,2
2009,3440,13.3,"2MD","NP",1.26404494382022,"mating_disruption","NP",6,2
2009,3440,13.4,"2MD","Ca",2.00617283950617,"mating_disruption","CA",6,3
2009,3440,13.4,"2MD","Fr",0.144717800289436,"mating_disruption","FR",6,3
2009,3440,13.4,"2MD","NP",2.03784570596798,"mating_disruption","NP",6,3
2009,3440,14.1,"2CMD","Bu",0,"both","BU",5,1
2009,3440,14.1,"2CMD","Fr",0.967741935483871,"both","FR",5,1
2009,3440,14.1,"2CMD","NP",1.11287758346582,"both","NP",5,1
2009,3440,14.4,"2MD","Ca",0.420757363253857,"mating_disruption","CA",6,1
2009,3440,14.4,"2MD","Fr",0,"mating_disruption","FR",6,1
2009,3440,14.4,"2MD","NP",1.51285930408472,"mating_disruption","NP",6,1
2009,3440,24.1,"1CMD","Fr",0.327332242225859,"both","FR",7,2
2009,3440,24.1,"1CMD","Mo",0.198807157057654,"both","MO",7,2
2009,3440,24.1,"1CMD","NP",0,"both","NP",7,2
2009,3440,24.2,"1CMD","Fr",4.55531453362256,"both","FR",7,1
2009,3440,24.2,"1CMD","Mo",0,"both","MO",7,1
2009,3440,24.2,"1CMD","NP",1.27186009538951,"both","NP",7,1
2009,3440,24.3,"1MD","Fr",10.838445807771,"mating_disruption","FR",8,1
2009,3440,24.3,"1MD","Mo",2.59481037924152,"mating_disruption","MO",8,1
2009,3440,24.3,"1MD","NP",3.7109375,"mating_disruption","NP",8,1
2009,3440,24.4,"1MD","Fr",1.26849894291755,"mating_disruption","FR",8,2
2009,3440,24.4,"1MD","Mo",0.197628458498024,"mating_disruption","MO",8,2
2009,3440,24.4,"1MD","NP",1.1142061281337,"mating_disruption","NP",8,2
2009,3450,1.2,"1CMD","Fr",0.411522633744856,"both","FR",1,3
2009,3450,1.2,"1CMD","Mo",0.531914893617021,"both","MO",1,3
2009,3450,1.2,"1CMD","NP",0,"both","NP",1,3
2009,3450,1.3,"1MD","Mo",0.318979266347687,"mating_disruption","MO",2,3
2009,3450,1.3,"1MD","NP",0,"mating_disruption","NP",2,3
2009,3450,1.3,"1MD","WC",0.482315112540193,"mating_disruption","WD",2,3
2009,3450,2.1,"1CMD","Fr",0,"both","FR",1,2
2009,3450,2.1,"1CMD","Mo",0.3003003003003,"both","MO",1,2
2009,3450,2.1,"1CMD","NP",0,"both","NP",1,2
2009,3450,2.2,"1CMD","Fr",0.227272727272727,"both","FR",1,1
2009,3450,2.2,"1CMD","Mo",1.08499095840868,"both","MO",1,1
2009,3450,2.2,"1CMD","NP",0.186567164179104,"both","NP",1,1
2009,3450,2.3,"1MD","Mo",1.19225037257824,"mating_disruption","MO",2,1
2009,3450,2.3,"1MD","NP",1.41732283464567,"mating_disruption","NP",2,1
2009,3450,2.3,"1MD","WC",1.53846153846154,"mating_disruption","WD",2,1
2009,3450,2.4,"1MD","Mo",0.803858520900322,"mating_disruption","MO",2,2
2009,3450,2.4,"1MD","NP",0.434782608695652,"mating_disruption","NP",2,2
2009,3450,2.4,"1MD","WC",0.496688741721854,"mating_disruption","WD",2,2
2009,3450,11.1,"2CMD","Mo",0,"both","MO",3,2
2009,3450,11.1,"2CMD","NP",0.737463126843658,"both","NP",3,2
2009,3450,11.1,"2CMD","Pr",0.132450331125828,"both","PR",3,2
2009,3450,11.3,"2MD","Ca",1.2962962962963,"mating_disruption","CA",4,0
2009,3450,11.3,"2MD","Mo",1.73410404624277,"mating_disruption","MO",4,0
2009,3450,11.3,"2MD","NP",1.68224299065421,"mating_disruption","NP",4,0
2009,3450,12.1,"2CMD","Mo",0,"both","MO",3,4
2009,3450,12.1,"2CMD","NP",0.341296928327645,"both","NP",3,4
2009,3450,12.1,"2CMD","Pr",0,"both","PR",3,4
2009,3450,12.2,"2CMD","Mo",0.732600732600733,"both","MO",3,3
2009,3450,12.2,"2CMD","NP",0.191570881226054,"both","NP",3,3
2009,3450,12.2,"2CMD","Pr",0,"both","PR",3,3
2009,3450,12.3,"2MD","Ca",0.153846153846154,"mating_disruption","CA",4,2
2009,3450,12.3,"2MD","Mo",0,"mating_disruption","MO",4,2
2009,3450,12.3,"2MD","NP",0,"mating_disruption","NP",4,2
2009,3450,12.4,"2MD","Ca",0.282485875706215,"mating_disruption","CA",4,3
2009,3450,12.4,"2MD","Mo",0.197628458498024,"mating_disruption","MO",4,3
2009,3450,12.4,"2MD","NP",0.959692898272553,"mating_disruption","NP",4,3
2009,3460,25.1,"Conv","Bu",0.475435816164818,"insecticide","BU",9,1
2009,3460,25.1,"Conv","Fr",1.61030595813205,"insecticide","FR",9,1
2009,3460,25.4,"Conv","Fr",1.48619957537155,"insecticide","FR",10,1
2009,3460,25.4,"Conv","Mo",0.3125,"insecticide","MO",10,1
2009,3460,25.4,"Conv","NP",1.21130551816958,"insecticide","NP",10,1
2009,3460,30.1,"Conv","Mo",1.15830115830116,"insecticide","MO",9,3
2009,3460,30.1,"Conv","NP",5.38461538461539,"insecticide","NP",9,3
2009,3460,30.1,"Conv","WC",10.4795737122558,"insecticide","WD",9,3
2009,3460,30.2,"Conv","Bu",0.169491525423729,"insecticide","BU",9,2
2009,3460,30.2,"Conv","Fr",2.15264187866928,"insecticide","FR",9,2
2009,3460,30.2,"Conv","Ruby",0.223713646532438,"insecticide","RY",9,2
2009,3460,30.3,"Conv","Fr",1.50214592274678,"insecticide","FR",10,2
2009,3460,30.3,"Conv","Mo",0.833333333333333,"insecticide","MO",10,2
2009,3460,30.3,"Conv","NP",2.00534759358289,"insecticide","NP",10,2
2009,3460,30.4,"Conv","Fr",3.03030303030303,"insecticide","FR",10,3
2009,3460,30.4,"Conv","Mo",1.04529616724739,"insecticide","MO",10,3
2009,3460,30.4,"Conv","NP",5.84307178631052,"insecticide","NP",10,3
2010,3440,13.1,"1MD","Bu",0,"mating_disruption","BU",5,3
2010,3440,13.1,"1MD","Fr",0,"mating_disruption","FR",5,3
2010,3440,13.1,"1MD","NP",0.447093889716841,"mating_disruption","NP",5,3
2010,3440,13.2,"1MD","Bu",0,"mating_disruption","BU",5,2
2010,3440,13.2,"1MD","Fr",0,"mating_disruption","FR",5,2
2010,3440,13.2,"1MD","NP",0.54421768707483,"mating_disruption","NP",5,2
2010,3440,13.3,"1CMD","Ca",0.517241379310345,"both","CA",6,2
2010,3440,13.3,"1CMD","Fr",0.23094688221709,"both","FR",6,2
2010,3440,13.3,"1CMD","NP",0.775193798449612,"both","NP",6,2
2010,3440,13.4,"1CMD","Ca",0,"both","CA",6,3
2010,3440,13.4,"1CMD","Fr",0,"both","FR",6,3
2010,3440,13.4,"1CMD","NP",0.626959247648903,"both","NP",6,3
2010,3440,14.1,"1MD","Bu",0.204918032786885,"mating_disruption","BU",5,1
2010,3440,14.1,"1MD","Fr",0.398406374501992,"mating_disruption","FR",5,1
2010,3440,14.1,"1MD","NP",1.44717800289436,"mating_disruption","NP",5,1
2010,3440,14.4,"1CMD","Ca",0.18450184501845,"both","CA",6,1
2010,3440,14.4,"1CMD","Fr",0.418410041841004,"both","FR",6,1
2010,3440,14.4,"1CMD","NP",0.612557427258805,"both","NP",6,1
2010,3440,24.1,"1MD","Fr",0,"mating_disruption","FR",7,2
2010,3440,24.1,"1MD","Mo",0,"mating_disruption","MO",7,2
2010,3440,24.1,"1MD","NP",0.153374233128834,"mating_disruption","NP",7,2
2010,3440,24.2,"1MD","Fr",0,"mating_disruption","FR",7,1
2010,3440,24.2,"1MD","Mo",0.408163265306122,"mating_disruption","MO",7,1
2010,3440,24.2,"1MD","NP",0.499168053244592,"mating_disruption","NP",7,1
2010,3440,24.3,"1CMD","Fr",0.658978583196046,"both","FR",8,1
2010,3440,24.3,"1CMD","Mo",0.174216027874564,"both","MO",8,1
2010,3440,24.3,"1CMD","NP",0.638977635782748,"both","NP",8,1
2010,3440,24.4,"1CMD","Fr",0,"both","FR",8,2
2010,3440,24.4,"1CMD","Mo",0.149476831091181,"both","MO",8,2
2010,3440,24.4,"1CMD","NP",0.307219662058372,"both","NP",8,2
2010,3450,1.2,"Conv","Fr",0.627615062761506,"insecticide","FR",1,3
2010,3450,1.2,"Conv","Mo",0,"insecticide","MO",1,3
2010,3450,1.2,"Conv","NP",0.398936170212766,"insecticide","NP",1,3
2010,3450,1.3,"Conv","Mo",0.207900207900208,"insecticide","MO",2,3
2010,3450,1.3,"Conv","NP",0.441826215022091,"insecticide","NP",2,3
2010,3450,1.3,"Conv","WC",0.135869565217391,"insecticide","WD",2,3
2010,3450,2.1,"Conv","Fr",0,"insecticide","FR",1,2
2010,3450,2.1,"Conv","Mo",0.26311481869934,"insecticide","MO",1,2
2010,3450,2.1,"Conv","NP",0.118483412322275,"insecticide","NP",1,2
2010,3450,2.2,"Conv","Fr",0.387596899224806,"insecticide","FR",1,1
2010,3450,2.2,"Conv","Mo",0,"insecticide","MO",1,1
2010,3450,2.2,"Conv","NP",0.472813238770686,"insecticide","NP",1,1
2010,3450,2.3,"Conv","Mo",0,"insecticide","MO",2,1
2010,3450,2.3,"Conv","NP",0.497512437810945,"insecticide","NP",2,1
2010,3450,2.3,"Conv","WC",0.271739130434783,"insecticide","WD",2,1
2010,3450,2.4,"Conv","Mo",0,"insecticide","MO",2,2
2010,3450,2.4,"Conv","NP",0.168918918918919,"insecticide","NP",2,2
2010,3450,2.4,"Conv","WC",0.45766590389016,"insecticide","WD",2,2
2010,3450,11.1,"2MD","Mo",7.59753593429158,"mating_disruption","MO",3,2
2010,3450,11.1,"2MD","NP",0.583090379008746,"mating_disruption","NP",3,2
2010,3450,11.1,"2MD","Pr",0.829875518672199,"mating_disruption","PR",3,2
2010,3450,11.3,"2CMD","Ca",0,"both","CA",4,0
2010,3450,11.3,"2CMD","Mo",0,"both","MO",4,0
2010,3450,11.3,"2CMD","NP",0.416088765603329,"both","NP",4,0
2010,3450,12.1,"2MD","Mo",0.776699029126214,"mating_disruption","MO",3,4
2010,3450,12.1,"2MD","NP",0,"mating_disruption","NP",3,4
2010,3450,12.1,"2MD","Pr",0.165837479270315,"mating_disruption","PR",3,4
2010,3450,12.2,"2MD","Mo",1.66975881261596,"mating_disruption","MO",3,3
2010,3450,12.2,"2MD","NP",0.445103857566766,"mating_disruption","NP",3,3
2010,3450,12.2,"2MD","Pr",0.171526586620926,"mating_disruption","PR",3,3
2010,3450,12.3,"2CMD","Ca",0,"both","CA",4,2
2010,3450,12.3,"2CMD","Mo",0.164744645799012,"both","MO",4,2
2010,3450,12.3,"2CMD","NP",0.328407224958949,"both","NP",4,2
2010,3450,12.4,"2CMD","Ca",0,"both","CA",4,3
2010,3450,12.4,"2CMD","Mo",0,"both","MO",4,3
2010,3450,12.4,"2CMD","NP",0.244498777506112,"both","NP",4,3
2010,3460,25.1,"2MD","Bu",0.242130750605327,"mating_disruption","BU",9,1
2010,3460,25.1,"2MD","Fr",0,"mating_disruption","FR",9,1
2010,3460,25.1,"2MD","Mi",0,"mating_disruption","MI",9,1
2010,3460,25.4,"2CMD","Fr",0.188679245283019,"both","FR",10,1
2010,3460,25.4,"2CMD","Mo",0.21505376344086,"both","MO",10,1
2010,3460,25.4,"2CMD","NP",0.78125,"both","NP",10,1
2010,3460,30.1,"2MD","Mo",0.632911392405063,"mating_disruption","MO",9,3
2010,3460,30.1,"2MD","NP",0.368324125230203,"mating_disruption","NP",9,3
2010,3460,30.1,"2MD","WC",0.294117647058824,"mating_disruption","WD",9,3
2010,3460,30.2,"2MD","Bu",0,"mating_disruption","BU",9,2
2010,3460,30.2,"2MD","Fr",0,"mating_disruption","FR",9,2
2010,3460,30.2,"2MD","Ru",0,"mating_disruption","RY",9,2
2010,3460,30.3,"2CMD","Fr",0.196850393700787,"both","FR",10,2
2010,3460,30.3,"2CMD","Mo",0,"both","MO",10,2
2010,3460,30.3,"2CMD","NP",0.377358490566038,"both","NP",10,2
2010,3460,30.4,"2CMD","Fr",0,"both","FR",10,3
2010,3460,30.4,"2CMD","Mo",0.211416490486258,"both","MO",10,3
2010,3460,30.4,"2CMD","NP",0.732600732600733,"both","NP",10,3
2011,3440,13.1,"2CMD","Bu",0,"both","BU",5,3
2011,3440,13.1,"2CMD","Fr",0.89086859688196,"both","FR",5,3
2011,3440,13.1,"2CMD","NP",0.321027287319422,"both","NP",5,3
2011,3440,13.2,"2CMD","Bu",0.157728706624606,"both","BU",5,2
2011,3440,13.2,"2CMD","Fr",0.189393939393939,"both","FR",5,2
2011,3440,13.2,"2CMD","NP",0.173611111111111,"both","NP",5,2
2011,3440,13.3,"2MD","Ca",0.192307692307692,"mating_disruption","CA",6,2
2011,3440,13.3,"2MD","Fr",0.192307692307692,"mating_disruption","FR",6,2
2011,3440,13.3,"2MD","NP",0,"mating_disruption","NP",6,2
2011,3440,13.4,"2MD","Ca",0.420828010684009,"mating_disruption","CA",6,3
2011,3440,13.4,"2MD","NP",0,"mating_disruption","NP",6,3
2011,3440,14.1,"2CMD","Bu",0.141043723554302,"both","BU",5,1
2011,3440,14.1,"2CMD","Fr",0.806451612903226,"both","FR",5,1
2011,3440,14.1,"2CMD","NP",0,"both","NP",5,1
2011,3440,14.4,"2MD","Ca",0.302571860816944,"mating_disruption","CA",6,1
2011,3440,14.4,"2MD","Fr",1.73913043478261,"mating_disruption","FR",6,1
2011,3440,14.4,"2MD","NP",0.167785234899329,"mating_disruption","NP",6,1
2011,3440,24.1,"2CMD","Fr",0.153609831029186,"both","FR",7,2
2011,3440,24.1,"2CMD","Mo",0,"both","MO",7,2
2011,3440,24.1,"2CMD","NP",0.559701492537313,"both","NP",7,2
2011,3440,24.2,"2CMD","Fr",0.338409475465313,"both","FR",7,1
2011,3440,24.2,"2CMD","Mo",0.404040404040404,"both","MO",7,1
2011,3440,24.2,"2CMD","NP",0.188323917137476,"both","NP",7,1
2011,3440,24.3,"2MD","Fr",2.85261489698891,"mating_disruption","FR",8,1
2011,3440,24.3,"2MD","Mo",1.32743362831858,"mating_disruption","MO",8,1
2011,3440,24.3,"2MD","NP",0,"mating_disruption","NP",8,1
2011,3440,24.4,"2MD","Fr",0.308166409861325,"mating_disruption","FR",8,2
2011,3440,24.4,"2MD","Mo",0.829875518672199,"mating_disruption","MO",8,2
2011,3440,24.4,"2MD","NP",0,"mating_disruption","NP",8,2
2011,3450,1.2,"Conv","Fr",0.749625187406297,"insecticide","FR",1,3
2011,3450,1.2,"Conv","Mo",0.467289719626168,"insecticide","MO",1,3
2011,3450,1.2,"Conv","NP",0,"insecticide","NP",1,3
2011,3450,1.3,"Conv","Mo",0.242718446601942,"insecticide","MO",2,3
2011,3450,1.3,"Conv","NP",0,"insecticide","NP",2,3
2011,3450,1.3,"Conv","WC",0.168067226890756,"insecticide","WD",2,3
2011,3450,2.1,"Conv","Fr",0.150602409638554,"insecticide","FR",1,2
2011,3450,2.1,"Conv","Mo",0.242718446601942,"insecticide","MO",1,2
2011,3450,2.1,"Conv","NP",0,"insecticide","NP",1,2
2011,3450,2.2,"Conv","Fr",2.04081632653061,"insecticide","FR",1,1
2011,3450,2.2,"Conv","Mo",2.24438902743142,"insecticide","MO",1,1
2011,3450,2.2,"Conv","NP",0,"insecticide","NP",1,1
2011,3450,2.3,"Conv","Mo",0.536193029490617,"insecticide","MO",2,1
2011,3450,2.3,"Conv","NP",0.173310225303293,"insecticide","NP",2,1
2011,3450,2.3,"Conv","WC",0.509337860780985,"insecticide","WD",2,1
2011,3450,2.4,"Conv","Mo",0,"insecticide","MO",2,2
2011,3450,2.4,"Conv","NP",0,"insecticide","NP",2,2
2011,3450,2.4,"Conv","WC",0.175131348511384,"insecticide","WD",2,2
2011,3450,11.1,"1CMD","Mo",1.30208333333333,"both","MO",3,2
2011,3450,11.1,"1CMD","NP",0.58055152394775,"both","NP",3,2
2011,3450,11.1,"1CMD","Pr",0,"both","PR",3,2
2011,3450,11.3,"1MD","Ca",0.196463654223969,"mating_disruption","CA",4,0
2011,3450,11.3,"1MD","Mo",3.01624129930394,"mating_disruption","MO",4,0
2011,3450,11.3,"1MD","NP",0.163398692810458,"mating_disruption","NP",4,0
2011,3450,12.1,"1CMD","Mo",0.696055684454756,"both","MO",3,4
2011,3450,12.1,"1CMD","NP",0.604229607250755,"both","NP",3,4
2011,3450,12.1,"1CMD","Pr",0,"both","PR",3,4
2011,3450,12.2,"1CMD","Mo",0,"both","MO",3,3
2011,3450,12.2,"1CMD","NP",0,"both","NP",3,3
2011,3450,12.2,"1CMD","Pr",0,"both","PR",3,3
2011,3450,12.3,"1MD","Ca",0.154320987654321,"mating_disruption","CA",4,2
2011,3450,12.3,"1MD","Mo",0,"mating_disruption","MO",4,2
2011,3450,12.3,"1MD","NP",0.136239782016349,"mating_disruption","NP",4,2
2011,3450,12.4,"1MD","Ca",0,"mating_disruption","CA",4,3
2011,3450,12.4,"1MD","Mo",0.652173913043478,"mating_disruption","MO",4,3
2011,3450,12.4,"1MD","NP",0,"mating_disruption","NP",4,3
2011,3460,25.1,"1CMD","Bu",0.287769784172662,"both","BU",9,1
2011,3460,25.1,"1CMD","Fr",4.18326693227092,"both","FR",9,1
2011,3460,25.4,"1MD","Fr",14.453781512605,"mating_disruption","FR",10,1
2011,3460,25.4,"1MD","Mo",0.864553314121037,"mating_disruption","MO",10,1
2011,3460,25.4,"1MD","NP",2.23776223776224,"mating_disruption","NP",10,1
2011,3460,30.1,"1CMD","Fr",0,"both","FR",9,3
2011,3460,30.1,"1CMD","NP",0,"both","NP",9,3
2011,3460,30.1,"1CMD","WC",0,"both","WD",9,3
2011,3460,30.2,"1CMD","Bu",0,"both","BU",9,2
2011,3460,30.2,"1CMD","Fr",0.31055900621118,"both","FR",9,2
2011,3460,30.2,"1CMD","Ru",0,"both","RY",9,2
2011,3460,30.3,"1MD","Fr",0,"mating_disruption","FR",10,2
2011,3460,30.3,"1MD","Mo",0,"mating_disruption","MO",10,2
2011,3460,30.3,"1MD","NP",0.153139356814701,"mating_disruption","NP",10,2
2011,3460,30.4,"1MD","Fr",0,"mating_disruption","FR",10,3
2011,3460,30.4,"1MD","Mo",0.333333333333333,"mating_disruption","MO",10,3
2011,3460,30.4,"1MD","NP",0.393700787401575,"mating_disruption","NP",10,3
2012,3440,13.1,"50%MD","Bu",0.306748466257669,"mating_disruption","BU",5,3
2012,3440,13.1,"50%MD","NP",0.399201596806387,"mating_disruption","NP",5,3
2012,3440,13.2,"50%MD","Bu",2.85714285714286,"mating_disruption","BU",5,2
2012,3440,13.2,"50%MD","NP",1.0989010989011,"mating_disruption","NP",5,2
2012,3440,13.3,"50%C","Ca",0,"both","CA",6,2
2012,3440,13.3,"50%C","NP",1.16959064327485,"both","NP",6,2
2012,3440,13.4,"50%C","Ca",0,"both","CA",6,3
2012,3440,13.4,"50%C","NP",1.30932896890344,"both","NP",6,3
2012,3440,14.1,"50%MD","Bu",0.323624595469256,"mating_disruption","BU",5,1
2012,3440,14.1,"50%MD","NP",1.28755364806867,"mating_disruption","NP",5,1
2012,3440,14.4,"50%C","Ca",1.84049079754601,"both","CA",6,1
2012,3440,14.4,"50%C","NP",1.13452188006483,"both","NP",6,1
2012,3440,24.1,"50%MD","Fr",7.49185667752443,"mating_disruption","FR",7,2
2012,3440,24.1,"50%MD","Mo",0,"mating_disruption","MO",7,2
2012,3440,24.1,"50%MD","NP",1.66389351081531,"mating_disruption","NP",7,2
2012,3440,24.2,"50%MD","Fr",7.83132530120482,"mating_disruption","FR",7,1
2012,3440,24.2,"50%MD","Mo",1.8018018018018,"mating_disruption","MO",7,1
2012,3440,24.2,"50%MD","NP",3.5,"mating_disruption","NP",7,1
2012,3440,24.3,"50%C","Fr",8.38509316770186,"both","FR",8,1
2012,3440,24.3,"50%C","Mo",1.66666666666667,"both","MO",8,1
2012,3440,24.3,"50%C","NP",2.28758169934641,"both","NP",8,1
2012,3440,24.4,"50%C","Fr",0.964630225080386,"both","FR",8,2
2012,3440,24.4,"50%C","Mo",7.07395498392283,"both","MO",8,2
2012,3440,24.4,"50%C","NP",1.12540192926045,"both","NP",8,2
2012,3450,1.2,"Conv","Fr",10.7491856677524,"insecticide","FR",1,3
2012,3450,1.2,"Conv","Mo",1.80878552971576,"insecticide","MO",1,3
2012,3450,1.2,"Conv","NP",2.04545454545455,"insecticide","NP",1,3
2012,3450,1.3,"Conv","Mo",3.76175548589342,"insecticide","MO",2,3
2012,3450,1.3,"Conv","NP",0.364963503649635,"insecticide","NP",2,3
2012,3450,1.3,"Conv","WC",1.75438596491228,"insecticide","WD",2,3
2012,3450,2.1,"Conv","Fr",1.98019801980198,"insecticide","FR",1,2
2012,3450,2.1,"Conv","Mo",5.03597122302158,"insecticide","MO",1,2
2012,3450,2.1,"Conv","NP",0.46189376443418,"insecticide","NP",1,2
2012,3450,2.2,"Conv","Fr",2.69461077844311,"insecticide","FR",1,1
2012,3450,2.2,"Conv","Mo",0.279329608938547,"insecticide","MO",1,1
2012,3450,2.2,"Conv","NP",1.36363636363636,"insecticide","NP",1,1
2012,3450,2.3,"Conv","Mo",6.04229607250755,"insecticide","MO",2,1
2012,3450,2.3,"Conv","NP",1.07197549770291,"insecticide","NP",2,1
2012,3450,2.3,"Conv","WC",0.647249190938511,"insecticide","WD",2,1
2012,3450,2.4,"Conv","Mo",2.97029702970297,"insecticide","MO",2,2
2012,3450,2.4,"Conv","NP",0.174825174825175,"insecticide","NP",2,2
2012,3450,2.4,"Conv","WC",0.353356890459364,"insecticide","WD",2,2
2012,3450,11.1,"100%MD","Mo",2.00573065902579,"mating_disruption","MO",3,2
2012,3450,11.1,"100%MD","NP",1.93939393939394,"mating_disruption","NP",3,2
2012,3450,11.1,"100%MD","Pr",0.920245398773006,"mating_disruption","PR",3,2
2012,3450,11.3,"100%C","Ca",1.94174757281553,"both","CA",4,0
2012,3450,11.3,"100%C","Mo",5.03597122302158,"both","MO",4,0
2012,3450,11.3,"100%C","NP",1.52838427947598,"both","NP",4,0
2012,3450,12.1,"100%MD","Mo",8.38926174496644,"mating_disruption","MO",3,4
2012,3450,12.1,"100%MD","NP",2.14521452145215,"mating_disruption","NP",3,4
2012,3450,12.1,"100%MD","Pr",9.61538461538461,"mating_disruption","PR",3,4
2012,3450,12.2,"100%MD","Mo",6.30914826498423,"mating_disruption","MO",3,3
2012,3450,12.2,"100%MD","NP",2.01238390092879,"mating_disruption","NP",3,3
2012,3450,12.2,"100%MD","Pr",3.07692307692308,"mating_disruption","PR",3,3
2012,3450,12.3,"100%C","Ca",0.308641975308642,"both","CA",4,2
2012,3450,12.3,"100%C","Mo",0.680272108843537,"both","MO",4,2
2012,3450,12.3,"100%C","NP",0.212765957446809,"both","NP",4,2
2012,3450,12.4,"100%C","Ca",0,"both","CA",4,3
2012,3450,12.4,"100%C","Mo",1.69491525423729,"both","MO",4,3
2012,3450,12.4,"100%C","NP",1.31004366812227,"both","NP",4,3
2012,3460,25.1,"100%MD","Bu",1.79856115107914,"mating_disruption","BU",9,1
2012,3460,25.1,"100%MD","Fr",0.333333333333333,"mating_disruption","FR",9,1
2012,3460,25.4,"100%C","Fr",8.50340136054422,"both","FR",10,1
2012,3460,25.4,"100%C","Mo",1.49700598802395,"both","MO",10,1
2012,3460,25.4,"100%C","NP",2.26415094339623,"both","NP",10,1
2012,3460,30.1,"100%MD","Mo",2.17391304347826,"mating_disruption","MO",9,3
2012,3460,30.1,"100%MD","NP",2.46406570841889,"mating_disruption","NP",9,3
2012,3460,30.1,"100%MD","WC",1.7910447761194,"mating_disruption","WD",9,3
2012,3460,30.2,"100%MD","Bu",1.64473684210526,"mating_disruption","BU",9,2
2012,3460,30.2,"100%MD","Fr",0.634920634920635,"mating_disruption","FR",9,2
2012,3460,30.3,"100%C","Fr",1.31147540983607,"both","FR",10,2
2012,3460,30.3,"100%C","Mo",1.34228187919463,"both","MO",10,2
2012,3460,30.3,"100%C","NP",1.28676470588235,"both","NP",10,2
2012,3460,30.4,"100%C","Fr",1.02564102564103,"both","FR",10,3
2012,3460,30.4,"100%C","Mo",8.05970149253731,"both","MO",10,3
2012,3460,30.4,"100%C","NP",1.20967741935484,"both","NP",10,3
2013,3440,13.1,"100%C","Bu",0,"both","BU",5,3
2013,3440,13.1,"100%C","Fr",0.347826086956522,"both","FR",5,3
2013,3440,13.1,"100%C","NP",0.862068965517241,"both","NP",5,3
2013,3440,13.2,"100%C","Bu",0,"both","BU",5,2
2013,3440,13.2,"100%C","Fr",0,"both","FR",5,2
2013,3440,13.2,"100%C","NP",0.181488203266788,"both","NP",5,2
2013,3440,13.3,"100%MD","Fr",0.796178343949045,"mating_disruption","FR",6,2
2013,3440,13.3,"100%MD","NP",0.513698630136986,"mating_disruption","NP",6,2
2013,3440,13.3,"100%MD","Pr",0.37243947858473,"mating_disruption","PR",6,2
2013,3440,13.4,"100%MD","Ca",0,"mating_disruption","CA",6,3
2013,3440,13.4,"100%MD","Fr",0,"mating_disruption","FR",6,3
2013,3440,13.4,"100%MD","NP",0.180505415162455,"mating_disruption","NP",6,3
2013,3440,14.1,"100%C","Bu",0,"both","BU",5,1
2013,3440,14.1,"100%C","Fr",0.536672629695885,"both","FR",5,1
2013,3440,14.1,"100%C","NP",0,"both","NP",5,1
2013,3440,14.4,"100%MD","Ca",0.188323917137476,"mating_disruption","CA",6,1
2013,3440,14.4,"100%MD","Fr",0.88339222614841,"mating_disruption","FR",6,1
2013,3440,14.4,"100%MD","NP",0.907441016333938,"mating_disruption","NP",6,1
2013,3440,24.1,"100%C","Fr",0.537634408602151,"both","FR",7,2
2013,3440,24.1,"100%C","Mo",0,"both","MO",7,2
2013,3440,24.1,"100%C","NP",0.179533213644524,"both","NP",7,2
2013,3440,24.2,"100%C","Fr",0.625,"both","FR",7,1
2013,3440,24.2,"100%C","Mo",0.176678445229682,"both","MO",7,1
2013,3440,24.2,"100%C","NP",2.1523178807947,"both","NP",7,1
2013,3440,24.3,"100%MD","Fr",0,"mating_disruption","FR",8,1
2013,3440,24.3,"100%MD","Mo",0,"mating_disruption","MO",8,1
2013,3440,24.3,"100%MD","NP",1.54905335628227,"mating_disruption","NP",8,1
2013,3440,24.4,"100%MD","Fr",0.543478260869565,"mating_disruption","FR",8,2
2013,3440,24.4,"100%MD","Mo",0,"mating_disruption","MO",8,2
2013,3440,24.4,"100%MD","NP",0.33500837520938,"mating_disruption","NP",8,2
2013,3450,1.2,"Conv","Fr",0.307692307692308,"insecticide","FR",1,3
2013,3450,1.2,"Conv","Mo",0,"insecticide","MO",1,3
2013,3450,1.2,"Conv","NP",1.20898100172712,"insecticide","NP",1,3
2013,3450,1.3,"Conv","Mo",0,"insecticide","MO",2,3
2013,3450,1.3,"Conv","NP",0,"insecticide","NP",2,3
2013,3450,1.3,"Conv","WC",0.313971742543171,"insecticide","WD",2,3
2013,3450,2.1,"Conv","Fr",0.917431192660551,"insecticide","FR",1,2
2013,3450,2.1,"Conv","Mo",0,"insecticide","MO",1,2
2013,3450,2.1,"Conv","NP",0.171526586620926,"insecticide","NP",1,2
2013,3450,2.2,"Conv","Fr",1.60714285714286,"insecticide","FR",1,1
2013,3450,2.2,"Conv","Mo",0.373134328358209,"insecticide","MO",1,1
2013,3450,2.2,"Conv","NP",0.56710775047259,"insecticide","NP",1,1
2013,3450,2.3,"Conv","Mo",0.186567164179104,"insecticide","MO",2,1
2013,3450,2.3,"Conv","NP",1.39442231075697,"insecticide","NP",2,1
2013,3450,2.3,"Conv","WC",0.651465798045603,"insecticide","WD",2,1
2013,3450,2.4,"Conv","Mo",0,"insecticide","MO",2,2
2013,3450,2.4,"Conv","NP",0,"insecticide","NP",2,2
2013,3450,2.4,"Conv","WC",0,"insecticide","WD",2,2
2013,3450,11.1,"50%C","Mo",0.196078431372549,"both","MO",3,2
2013,3450,11.1,"50%C","NP",0,"both","NP",3,2
2013,3450,11.1,"50%C","Pr",0.333333333333333,"both","PR",3,2
2013,3450,11.3,"50%MD","Ca",0.4920049200492,"mating_disruption","CA",4,0
2013,3450,11.3,"50%MD","Mo",0.50761421319797,"mating_disruption","MO",4,0
2013,3450,11.3,"50%MD","NP",0.941619585687382,"mating_disruption","NP",4,0
2013,3450,12.1,"50%C","Mo",0,"both","MO",3,4
2013,3450,12.1,"50%C","NP",0.56710775047259,"both","NP",3,4
2013,3450,12.1,"50%C","Pr",0.169491525423729,"both","PR",3,4
2013,3450,12.2,"50%C","Mo",0,"both","MO",3,3
2013,3450,12.2,"50%C","NP",0.548446069469835,"both","NP",3,3
2013,3450,12.2,"50%C","Pr",0,"both","PR",3,3
2013,3450,12.3,"50%MD","Ca",0.73394495412844,"mating_disruption","CA",4,2
2013,3450,12.3,"50%MD","Mo",0.335570469798658,"mating_disruption","MO",4,2
2013,3450,12.3,"50%MD","NP",0.191570881226054,"mating_disruption","NP",4,2
2013,3450,12.4,"50%MD","Ca",0,"mating_disruption","CA",4,3
2013,3450,12.4,"50%MD","Mo",0,"mating_disruption","MO",4,3
2013,3450,12.4,"50%MD","NP",0.15600624024961,"mating_disruption","NP",4,3
2013,3460,25.1,"50%C","Bu",0.168918918918919,"both","BU",9,1
2013,3460,25.1,"50%C","Fr",0,"both","FR",9,1
2013,3460,25.4,"50%MD","Fr",4.48028673835125,"mating_disruption","FR",10,1
2013,3460,25.4,"50%MD","Mo",0,"mating_disruption","MO",10,1
2013,3460,25.4,"50%MD","NP",1.99275362318841,"mating_disruption","NP",10,1
2013,3460,30.1,"50%C","Mo",0,"both","MO",9,3
2013,3460,30.1,"50%C","NP",0,"both","NP",9,3
2013,3460,30.1,"50%C","WC",0.171526586620926,"both","WD",9,3
2013,3460,30.2,"50%C","Bu",0,"both","BU",9,2
2013,3460,30.2,"50%C","Fr",0.342465753424658,"both","FR",9,2
2013,3460,30.3,"50%MD","Fr",2.35934664246824,"mating_disruption","FR",10,2
2013,3460,30.3,"50%MD","Mo",0,"mating_disruption","MO",10,2
2013,3460,30.3,"50%MD","NP",2.38095238095238,"mating_disruption","NP",10,2
2013,3460,30.4,"50%MD","Fr",0,"mating_disruption","FR",10,3
2013,3460,30.4,"50%MD","Mo",0,"mating_disruption","MO",10,3
2013,3460,30.4,"50%MD","NP",0.598802395209581,"mating_disruption","NP",10,3
2014,3440,13.1,"100%MD","Bu",0.181159420289855,"mating_disruption","BU",5,3
2014,3440,13.1,"100%MD","Fr",2.45283018867925,"mating_disruption","FR",5,3
2014,3440,13.1,"100%MD","NP",1.33079847908745,"mating_disruption","NP",5,3
2014,3440,13.2,"100%MD","Bu",0.359712230215827,"mating_disruption","BU",5,2
2014,3440,13.2,"100%MD","Fr",1.96078431372549,"mating_disruption","FR",5,2
2014,3440,13.2,"100%MD","NP",0.387596899224806,"mating_disruption","NP",5,2
2014,3440,13.3,"100%C","Ca",1.87265917602996,"both","CA",6,2
2014,3440,13.3,"100%C","Fr",1.2962962962963,"both","FR",6,2
2014,3440,13.3,"100%C","NP",0.389863547758285,"both","NP",6,2
2014,3440,13.4,"100%C","Ca",1.03305785123967,"both","CA",6,3
2014,3440,13.4,"100%C","Fr",2.76243093922652,"both","FR",6,3
2014,3440,13.4,"100%C","NP",0.417536534446764,"both","NP",6,3
2014,3440,14.1,"100%MD","Bu",0.170648464163823,"mating_disruption","BU",5,1
2014,3440,14.1,"100%MD","Fr",8.36236933797909,"mating_disruption","FR",5,1
2014,3440,14.1,"100%MD","NP",1.13421550094518,"mating_disruption","NP",5,1
2014,3440,14.4,"100%C","Ca",0.390625,"both","CA",6,1
2014,3440,14.4,"100%C","Fr",6.31578947368421,"both","FR",6,1
2014,3440,14.4,"100%C","NP",2.07547169811321,"both","NP",6,1
2014,3440,24.1,"50%MD","Fr",1.04529616724739,"mating_disruption","FR",7,2
2014,3440,24.1,"50%MD","Mo",1.89003436426117,"mating_disruption","MO",7,2
2014,3440,24.1,"50%MD","NP",1.42276422764228,"mating_disruption","NP",7,2
2014,3440,24.2,"50%MD","Fr",5.10204081632653,"mating_disruption","FR",7,1
2014,3440,24.2,"50%MD","Mo",2.83018867924528,"mating_disruption","MO",7,1
2014,3440,24.2,"50%MD","NP",6.2374245472837,"mating_disruption","NP",7,1
2014,3440,24.3,"50%C","Fr",10.3636363636364,"both","FR",8,1
2014,3440,24.3,"50%C","Mo",0.530503978779841,"both","MO",8,1
2014,3440,24.3,"50%C","NP",1.22950819672131,"both","NP",8,1
2014,3440,24.4,"50%C","Fr",2.62295081967213,"both","FR",8,2
2014,3440,24.4,"50%C","Mo",0.193050193050193,"both","MO",8,2
2014,3440,24.4,"50%C","NP",1.82149362477231,"both","NP",8,2
2014,3450,1.2,"100%MD","Fr",1.06221547799697,"mating_disruption","FR",1,3
2014,3450,1.2,"100%MD","Mo",1.25588697017268,"mating_disruption","MO",1,3
2014,3450,1.2,"100%MD","NP",0.192307692307692,"mating_disruption","NP",1,3
2014,3450,1.3,"100%C","Mo",0.519930675909879,"both","MO",2,3
2014,3450,1.3,"100%C","NP",0,"both","NP",2,3
2014,3450,1.3,"100%C","WC",0,"both","WD",2,3
2014,3450,2.1,"100%MD","Fr",3.3203125,"mating_disruption","FR",1,2
2014,3450,2.1,"100%MD","Mo",1.64917541229385,"mating_disruption","MO",1,2
2014,3450,2.1,"100%MD","NP",1.54738878143133,"mating_disruption","NP",1,2
2014,3450,2.2,"100%MD","Fr",3.36134453781513,"mating_disruption","FR",1,1
2014,3450,2.2,"100%MD","Mo",2.34113712374582,"mating_disruption","MO",1,1
2014,3450,2.2,"100%MD","NP",0.785854616895874,"mating_disruption","NP",1,1
2014,3450,2.3,"100%C","Mo",0,"both","MO",2,1
2014,3450,2.3,"100%C","NP",0,"both","NP",2,1
2014,3450,2.3,"100%C","WC",0.189753320683112,"both","WD",2,1
2014,3450,2.4,"100%C","Mo",0.340136054421769,"both","MO",2,2
2014,3450,2.4,"100%C","NP",0.589390962671906,"both","NP",2,2
2014,3450,2.4,"100%C","WC",0,"both","WD",2,2
2014,3450,11.1,"50%MD","Mo",3.62438220757825,"mating_disruption","MO",3,2
2014,3450,11.1,"50%MD","NP",0.589390962671906,"mating_disruption","NP",3,2
2014,3450,11.1,"50%MD","Pr",0.992063492063492,"mating_disruption","PR",3,2
2014,3450,11.3,"50%C","Ca",1.40105078809107,"both","CA",4,0
2014,3450,11.3,"50%C","Mo",1.34357005758157,"both","MO",4,0
2014,3450,11.3,"50%C","NP",0.784313725490196,"both","NP",4,0
2014,3450,12.1,"50%MD","Mo",5.11551155115512,"mating_disruption","MO",3,4
2014,3450,12.1,"50%MD","NP",1.4,"mating_disruption","NP",3,4
2014,3450,12.1,"50%MD","Pr",0.203252032520325,"mating_disruption","PR",3,4
2014,3450,12.2,"50%MD","Mo",1.66163141993958,"mating_disruption","MO",3,3
2014,3450,12.2,"50%MD","NP",1.45530145530146,"mating_disruption","NP",3,3
2014,3450,12.2,"50%MD","Pr",1.54738878143133,"mating_disruption","PR",3,3
2014,3450,12.3,"50%C","Ca",0,"both","CA",4,2
2014,3450,12.3,"50%C","Mo",0.798403193612774,"both","MO",4,2
2014,3450,12.3,"50%C","NP",0.796812749003984,"both","NP",4,2
2014,3450,12.4,"50%C","Ca",0.348432055749129,"both","CA",4,3
2014,3450,12.4,"50%C","Mo",0.595238095238095,"both","MO",4,3
2014,3450,12.4,"50%C","NP",1.08499095840868,"both","NP",4,3
2014,3460,25.1,"Conv","Bu",1.00840336134454,"insecticide","BU",9,1
2014,3460,25.1,"Conv","Fr",14.957264957265,"insecticide","FR",9,1
2014,3460,25.4,"Conv","Fr",8.31721470019342,"insecticide","FR",10,1
2014,3460,25.4,"Conv","Mo",0.814663951120163,"insecticide","MO",10,1
2014,3460,25.4,"Conv","NP",1.52380952380952,"insecticide","NP",10,1
2014,3460,30.1,"Conv","Mo",0.385356454720617,"insecticide","MO",9,3
2014,3460,30.1,"Conv","NP",0.680272108843537,"insecticide","NP",9,3
2014,3460,30.1,"Conv","WC",0,"insecticide","WD",9,3
2014,3460,30.2,"Conv","Bu",0.346020761245675,"insecticide","BU",9,2
2014,3460,30.2,"Conv","Fr",4.80427046263345,"insecticide","FR",9,2
2014,3460,30.2,"Conv","Ru",2,"insecticide","RY",9,2
2014,3460,30.3,"Conv","Fr",3.85321100917431,"insecticide","FR",10,2
2014,3460,30.3,"Conv","Mo",1.13268608414239,"insecticide","MO",10,2
2014,3460,30.3,"Conv","NP",4.31654676258993,"insecticide","NP",10,2
2014,3460,30.4,"Conv","Fr",1.70542635658915,"insecticide","FR",10,3
2014,3460,30.4,"Conv","Mo",3.2520325203252,"insecticide","MO",10,3
2014,3460,30.4,"Conv","NP",4.26716141001855,"insecticide","NP",10,3
2015,3440,13.1,"EarlyC","Bu",0.363636363636364,"both","BU",5,3
2015,3440,13.1,"EarlyC","Fr",4.11214953271028,"both","FR",5,3
2015,3440,13.1,"EarlyC","NP",0.796812749003984,"both","NP",5,3
2015,3440,13.2,"EarlyC","Bu",0.181488203266788,"both","BU",5,2
2015,3440,13.2,"EarlyC","Fr",1.96463654223969,"both","FR",5,2
2015,3440,13.2,"EarlyC","NP",0.198412698412698,"both","NP",5,2
2015,3440,13.3,"EarlyMD","Ca",0.763358778625954,"mating_disruption","CA",6,2
2015,3440,13.3,"EarlyMD","Fr",5.0880626223092,"mating_disruption","FR",6,2
2015,3440,13.3,"EarlyMD","NP",3.03643724696356,"mating_disruption","NP",6,2
2015,3440,13.4,"EarlyMD","Ca",0.196850393700787,"mating_disruption","CA",6,3
2015,3440,13.4,"EarlyMD","Fr",8.203125,"mating_disruption","FR",6,3
2015,3440,13.4,"EarlyMD","NP",3.6734693877551,"mating_disruption","NP",6,3
2015,3440,14.1,"EarlyC","Bu",0.218818380743982,"both","BU",5,1
2015,3440,14.1,"EarlyC","Fr",9.87432675044883,"both","FR",5,1
2015,3440,14.1,"EarlyC","NP",0.5859375,"both","NP",5,1
2015,3440,14.4,"EarlyMD","Ca",1.82926829268293,"mating_disruption","CA",6,1
2015,3440,14.4,"EarlyMD","Fr",10.6941838649156,"mating_disruption","FR",6,1
2015,3440,14.4,"EarlyMD","NP",0.856531049250535,"mating_disruption","NP",6,1
2015,3440,24.1,"StandC","Fr",10.261569416499,"both","FR",7,2
2015,3440,24.1,"StandC","Mo",1.75097276264591,"both","MO",7,2
2015,3440,24.1,"StandC","NP",2.39520958083832,"both","NP",7,2
2015,3440,24.2,"StandC","Fr",3.36879432624113,"both","FR",7,1
2015,3440,24.2,"StandC","Mo",0.395256916996047,"both","MO",7,1
2015,3440,24.2,"StandC","NP",1.26050420168067,"both","NP",7,1
2015,3440,24.3,"StandMD","Fr",57.4,"mating_disruption","FR",8,1
2015,3440,24.3,"StandMD","Mo",1.58730158730159,"mating_disruption","MO",8,1
2015,3440,24.3,"StandMD","NP",3.86847195357834,"mating_disruption","NP",8,1
2015,3440,24.4,"StandMD","Fr",50.6743737957611,"mating_disruption","FR",8,2
2015,3440,24.4,"StandMD","Mo",2.64650283553875,"mating_disruption","MO",8,2
2015,3440,24.4,"StandMD","NP",3.07692307692308,"mating_disruption","NP",8,2
2015,3450,1.2,"EarlyC","Fr",1.8796992481203,"both","FR",1,3
2015,3450,1.2,"EarlyC","Mo",0.4149377593361,"both","MO",1,3
2015,3450,1.2,"EarlyC","NP",0.415800415800416,"both","NP",1,3
2015,3450,1.3,"EarlyMD","Mo",0.397614314115308,"mating_disruption","MO",2,3
2015,3450,1.3,"EarlyMD","NP",1.91082802547771,"mating_disruption","NP",2,3
2015,3450,1.3,"EarlyMD","WC",1.30841121495327,"mating_disruption","WD",2,3
2015,3450,2.1,"EarlyC","Fr",2.85714285714286,"both","FR",1,2
2015,3450,2.1,"EarlyC","Mo",0.814663951120163,"both","MO",1,2
2015,3450,2.1,"EarlyC","NP",1.49532710280374,"both","NP",1,2
2015,3450,2.2,"EarlyC","Fr",11.8,"both","FR",1,1
2015,3450,2.2,"EarlyC","Mo",1.73410404624277,"both","MO",1,1
2015,3450,2.2,"EarlyC","NP",5.6,"both","NP",1,1
2015,3450,2.3,"EarlyMD","Mo",0.588235294117647,"mating_disruption","MO",2,1
2015,3450,2.3,"EarlyMD","NP",2.27272727272727,"mating_disruption","NP",2,1
2015,3450,2.3,"EarlyMD","WC",1.49812734082397,"mating_disruption","WD",2,1
2015,3450,2.4,"EarlyMD","Mo",0.99403578528827,"mating_disruption","MO",2,2
2015,3450,2.4,"EarlyMD","NP",9.20245398773006,"mating_disruption","NP",2,2
2015,3450,2.4,"EarlyMD","WC",0.549450549450549,"mating_disruption","WD",2,2
2015,3450,11.1,"StandC","Mo",0,"both","MO",3,2
2015,3450,11.1,"StandC","NP",0.210084033613445,"both","NP",3,2
2015,3450,11.1,"StandC","Pr",0,"both","PR",3,2
2015,3450,11.3,"StandMD","Ca",0.836820083682008,"mating_disruption","CA",4,0
2015,3450,11.3,"StandMD","Mo",0.584795321637427,"mating_disruption","MO",4,0
2015,3450,11.3,"StandMD","NP",1.63934426229508,"mating_disruption","NP",4,0
2015,3450,12.1,"StandC","Mo",0.597609561752988,"both","MO",3,4
2015,3450,12.1,"StandC","NP",3.95348837209302,"both","NP",3,4
2015,3450,12.1,"StandC","Pr",0.578034682080925,"both","PR",3,4
2015,3450,12.2,"StandC","Mo",0,"both","MO",3,3
2015,3450,12.2,"StandC","NP",0.532859680284192,"both","NP",3,3
2015,3450,12.2,"StandC","Pr",0.194174757281553,"both","PR",3,3
2015,3450,12.3,"StandMD","Ca",0.204498977505112,"mating_disruption","CA",4,2
2015,3450,12.3,"StandMD","Mo",0.393700787401575,"mating_disruption","MO",4,2
2015,3450,12.3,"StandMD","NP",2.19560878243513,"mating_disruption","NP",4,2
2015,3450,12.4,"StandMD","Ca",0,"mating_disruption","CA",4,3
2015,3450,12.4,"StandMD","Mo",0.396039603960396,"mating_disruption","MO",4,3
2015,3450,12.4,"StandMD","NP",2.51937984496124,"mating_disruption","NP",4,3
2015,3460,25.1,"Conv","Bu",1.9438444924406,"insecticide","BU",9,1
2015,3460,25.1,"Conv","Fr",33.6538461538462,"insecticide","FR",9,1
2015,3460,25.4,"Conv","Fr",27.5142314990512,"insecticide","FR",10,1
2015,3460,25.4,"Conv","Mo",1.53846153846154,"insecticide","MO",10,1
2015,3460,25.4,"Conv","NP",1.10410094637224,"insecticide","NP",10,1
2015,3460,30.1,"Conv","Mo",0.195694716242661,"insecticide","MO",9,3
2015,3460,30.1,"Conv","NP",3.125,"insecticide","NP",9,3
2015,3460,30.1,"Conv","WC",0.506329113924051,"insecticide","WD",9,3
2015,3460,30.2,"Conv","Bu",0.898876404494382,"insecticide","BU",9,2
2015,3460,30.2,"Conv","Fr",32.8685258964143,"insecticide","FR",9,2
2015,3460,30.3,"Conv","Fr",12,"insecticide","FR",10,2
2015,3460,30.3,"Conv","Mo",0,"insecticide","MO",10,2
2015,3460,30.3,"Conv","NP",2.35478806907378,"insecticide","NP",10,2
2015,3460,30.4,"Conv","Fr",16.6044776119403,"insecticide","FR",10,3
2015,3460,30.4,"Conv","Mo",0,"insecticide","MO",10,3
2015,3460,30.4,"Conv","NP",2.80528052805281,"insecticide","NP",10,3
NA,3440,13.1,"50%MD","Fr",NA,"mating_disruption","FR",5,3
NA,3440,13.2,"50%MD","Fr",NA,"mating_disruption","FR",5,2
NA,3440,13.3,"50%C","Ca",NA,"both","CA",6,2
NA,3440,13.4,"50%C","Ca",NA,"both","CA",6,3
NA,3440,14.1,"50%MD","Fr",NA,"mating_disruption","FR",5,1
NA,3440,14.4,"50%C","Ca",NA,"both","CA",6,1
NA,3460,30.2,"100%MD","Bu",NA,"mating_disruption","BU",9,2
